{
    "train_loss": [
        0.7011799216270447,
        0.6168636679649353,
        0.4724421203136444,
        0.38849779963493347,
        0.34429046511650085,
        0.3451845347881317,
        0.2849840223789215,
        0.2550346553325653,
        0.24815014004707336,
        0.2263786792755127,
        0.22030547261238098,
        0.1935536116361618,
        0.21901360154151917,
        0.20012255012989044,
        0.18379414081573486,
        0.15645407140254974,
        0.14334319531917572,
        0.14520184695720673,
        0.1290930062532425,
        0.13307592272758484,
        0.1258433312177658,
        0.14806067943572998,
        0.1337950974702835,
        0.11090309917926788,
        0.10803782939910889,
        0.12636695802211761,
        0.09358695149421692,
        0.09351247549057007,
        0.09748746454715729,
        0.06794742494821548,
        0.07468336075544357,
        0.09946005046367645,
        0.10056407749652863,
        0.07178067415952682,
        0.07575903087854385,
        0.08642124384641647,
        0.06333079189062119,
        0.06376969069242477,
        0.06317077577114105,
        0.055499013513326645,
        0.06135135516524315,
        0.06648506969213486,
        0.041949596256017685,
        0.048467107117176056,
        0.05043293908238411,
        0.06120430305600166,
        0.04698522016406059,
        0.05381372198462486,
        0.03781773895025253,
        0.053062569350004196,
        0.03473510593175888,
        0.03847601264715195,
        0.04269198700785637,
        0.033579327166080475,
        0.04411837086081505,
        0.03359468653798103,
        0.03516073897480965,
        0.039075981825590134,
        0.03229864314198494,
        0.03249967843294144,
        0.030889123678207397,
        0.025094816461205482,
        0.028992194682359695,
        0.02635263279080391,
        0.013381237164139748,
        0.02525958977639675,
        0.02087065391242504,
        0.016920877620577812,
        0.014810723252594471,
        0.03632838651537895,
        0.01544274389743805,
        0.02977115474641323,
        0.016506392508745193,
        0.03223152458667755,
        0.016979819163680077,
        0.017345141619443893,
        0.013634631410241127,
        0.017329050227999687
    ],
    "train_acc": [
        0.58828125,
        0.684375,
        0.86015625,
        0.86484375,
        0.87734375,
        0.88203125,
        0.90390625,
        0.91796875,
        0.9171875,
        0.9328125,
        0.93828125,
        0.94765625,
        0.9328125,
        0.9453125,
        0.94375,
        0.95390625,
        0.959375,
        0.965625,
        0.9640625,
        0.96328125,
        0.9609375,
        0.9515625,
        0.96171875,
        0.9734375,
        0.971875,
        0.96640625,
        0.9734375,
        0.97375,
        0.97265625,
        0.984375,
        0.97890625,
        0.971875,
        0.97109375,
        0.9828125,
        0.9796875,
        0.9734375,
        0.98203125,
        0.9828125,
        0.98359375,
        0.984375,
        0.98671875,
        0.984375,
        0.9890625,
        0.98828125,
        0.9890625,
        0.98828125,
        0.9875,
        0.98671875,
        0.99140625,
        0.9890625,
        0.99375,
        0.99140625,
        0.99140625,
        0.99453125,
        0.990625,
        0.99296875,
        0.98984375,
        0.9921875,
        0.99609375,
        0.99140625,
        0.99375,
        0.99375,
        0.9953125,
        0.99453125,
        1.0,
        0.99609375,
        0.99453125,
        0.99609375,
        1.0,
        0.99140625,
        0.9984375,
        0.99375,
        0.99765625,
        0.99296875,
        0.99765625,
        0.996875,
        0.9984375,
        0.99609375
    ],
    "train_precision": [
        0.5250859812679803,
        0.532845152449469,
        0.5353030303030303,
        0.5,
        0.5150811227859835,
        0.5684136512467467,
        0.6199139784946237,
        0.6936332529617567,
        0.7139844161930986,
        0.7844724220623501,
        0.7758599408659159,
        0.8104133545310016,
        0.7819242716816388,
        0.8264511958629606,
        0.8311921891058582,
        0.8546896999035009,
        0.8783907548332306,
        0.8852298111419481,
        0.8877706093189964,
        0.8806248924561082,
        0.8708985826182145,
        0.8434216057166877,
        0.8832803391626921,
        0.9114834339532916,
        0.9174502560658215,
        0.9035940530058177,
        0.9158970699353539,
        0.9242548818088386,
        0.9152332106639136,
        0.9514675677466375,
        0.9395198820687466,
        0.9069455560121996,
        0.8977678571428571,
        0.9494003905934761,
        0.9408666269131385,
        0.9306313491730334,
        0.9540407056506932,
        0.9443108392379662,
        0.95023598820059,
        0.9497931865893454,
        0.96673768683351,
        0.9613945320608845,
        0.9667628740695731,
        0.9610865908383823,
        0.9668530789354136,
        0.9615003173595684,
        0.9600024955901787,
        0.96673768683351,
        0.9776099629040806,
        0.9745903545439593,
        0.9827407251958187,
        0.9778461086390731,
        0.9692737430167597,
        0.9808035714285714,
        0.976545726321511,
        0.9803632310516653,
        0.9661673956668873,
        0.9800244598450876,
        0.9903765426916296,
        0.9845966683326834,
        0.9844367588932806,
        0.9836822312248817,
        0.9841206740431547,
        0.987149508428426,
        1.0,
        0.9883103244356533,
        0.984393216746158,
        0.9872824337758348,
        1.0,
        0.9773681055155876,
        0.9944444444444445,
        0.9817556171708153,
        0.9933419923512008,
        0.9812043489211653,
        0.9931039426523297,
        0.9903499184384115,
        0.9965913751138427,
        0.9851190476190477
    ],