{
    "train_loss": [
        0.5843038558959961,
        0.119014210999012,
        0.11607036739587784,
        0.08972901105880737,
        0.09062289446592331,
        0.07635417580604553,
        0.08322453498840332,
        0.0602591373026371,
        0.10003433376550674,
        0.07983224093914032,
        0.021188177168369293,
        0.037796761840581894,
        0.02123422920703888,
        0.05314148589968681,
        0.024486228823661804,
        0.021081548184156418,
        0.0054344795644283295,
        0.002694804919883609,
        0.00362990889698267,
        0.1162676215171814,
        0.010386358015239239,
        0.005717487074434757,
        0.0031632576137781143,
        0.0012990293325856328,
        0.0008280804613605142,
        0.0004210730257909745,
        0.0003979411849286407,
        0.0003775012737605721,
        8.403613173868507e-05,
        0.00027669279370456934,
        0.002135413233190775,
        6.993974966462702e-05,
        6.058707367628813e-05,
        5.996794789098203e-05,
        0.00026539419195614755,
        3.4998425689991564e-05,
        5.3343886975198984e-05,
        4.2054518416989595e-05,
        2.875311838579364e-05,
        1.8385973817203194e-05,
        2.362067789363209e-05,
        7.283666491275653e-05,
        1.3757108717982192e-05,
        1.392424019286409e-05,
        2.5391582312295213e-05,
        1.4630151781602763e-05,
        1.9125927792629227e-05,
        1.622247691557277e-05,
        1.431358396075666e-05,
        1.04999335235334e-05,
        2.095397940138355e-05,
        9.793225217435975e-06
    ],
    "train_acc": [
        0.2734375,
        0.296875,
        0.3828125,
        0.4296875,
        0.46875,
        0.484375,
        0.4453125,
        0.5390625,
        0.43089430894308944,
        0.5625,
        0.65625,
        0.609375,
        0.640625,
        0.53125,
        0.609375,
        0.578125,
        0.625,
        0.6328125,
        0.65625,
        0.53125,
        0.6796875,
        0.6640625,
        0.6015625,
        0.625,
        0.625,
        0.765625,
        0.6796875,
        0.7265625,
        0.59375,
        0.65625,
        0.6171875,
        0.6328125,
        0.640625,
        0.6171875,
        0.640625,
        0.6829268292682927,
        0.703125,
        0.6953125,
        0.6640625,
        0.671875,
        0.609375,
        0.640625,
        0.6171875,
        0.6328125,
        0.6328125,
        0.6640625,
        0.6328125,
        0.703125,
        0.671875,
        0.6015625,
        0.625,
        0.625
    ],
    "train_precision": [
        0.09114583333333333,
        0.2238573021181717,
        0.2620512820512821,
        0.2835845482250226,
        0.3120879120879121,
        0.3091787439613527,
        0.2963053584536335,
        0.3618791289454368,
        0.30505050505050507,
        0.37450980392156863,
        0.43546798029556655,
        0.42855867916108875,
        0.42669922669922666,
        0.3803030303030303,
        0.420461215932914,
        0.3850517183850517,
        0.4166666666666667,
        0.4238562091503268,
        0.4385490870384017,
        0.4305555555555556,
        0.4800805533666053,
        0.4449332029977191,
        0.4119119119119119,
        0.4187031606386445,
        0.4192254155408171,
        0.5110016420361249,
        0.45688164072152215,
        0.48468556533072665,
        0.4047619047619048,
        0.4385793418051483,
        0.41816983773988964,
        0.45711500974658864,
        0.4270833333333333,
        0.4192525859192526,
        0.4304705978305195,
        0.45804132973944295,
        0.4721192652993988,
        0.4654610622352558,
        0.44790369447903694,
        0.45098039215686275,
        0.4218803418803419,
        0.4351851851851852,
        0.410989010989011,
        0.4201125519941277,
        0.427559509101392,
        0.44961628294961625,
        0.4411340293693235,
        0.4811740041928721,
        0.4547613199050193,
        0.40216948046651985,
        0.4150326797385621,
        0.42171155588501774
    ],
    "train_recall": [
        0.3333333333333333,
        0.34722222222222215,
        0.39166666666666666,
        0.46127513906718015,
        0.5103225806451613,
        0.4712430426716141,
        0.4833119383825417,
        0.5623993558776168,
        0.43897787948131195,
        0.5363681345868382,
        0.626530612244898,
        0.6092592592592593,
        0.6348690153568203,
        0.5765765765765766,
        0.6341269841269841,
        0.6203703703703703,
        0.6594202898550724,
        0.6666666666666666,
        0.6592592592592593,
        0.5609756097560976,
        0.6439393939393939,
        0.6578947368421053,
        0.6666666666666666,
        0.6666666666666666,
        0.6666666666666666,
        0.6666666666666666,
        0.6666666666666666,
        0.6666666666666666,
        0.6666666666666666,
        0.6666666666666666,
        0.6666666666666666,
        0.6666666666666666,
        0.6666666666666666,
        0.6666666666666666,
        0.6666666666666666,
        0.6666666666666666,
        0.6666666666666666,
        0.6666666666666666,
        0.6666666666666666,
        0.6666666666666666,
        0.6666666666666666,
        0.6666666666666666,
        0.6666666666666666,
        0.6666666666666666,
        0.6666666666666666,
        0.6666666666666666,
        0.6666666666666666,
        0.6666666666666666,
        0.6666666666666666,
        0.6666666666666666,
        0.6666666666666666,
        0.6666666666666666
    ],
    "train_f1": [
        0.14314591198178725,
        0.27221031585868694,
        0.3140044795026343,
        0.3512305686524346,
        0.3873091930275018,
        0.3733787744918109,
        0.36737532851534327,
        0.44038326207954176,
        0.35995568676483414,
        0.4410534302228888,
        0.5138075571591667,
        0.5031727008857179,
        0.5103686326188895,
        0.45830536291195756,
        0.5056443350401315,
        0.47516819846474967,
        0.5106574318254371,
        0.518225194978234,
        0.526712907002868,
        0.4871833339077496,
        0.5500614664545436,
        0.5308471932712322,
        0.5091986819228159,
        0.5143553130497676,
        0.5147491932097495,
        0.5785412855785055,
        0.5421841634352846,
        0.5612894035266843,
        0.5036990025130137,
        0.5290832632963784,
        0.5139526941262424,
        0.5423484551935671,
        0.520630160587738,
        0.51476967450797,
        0.5231392500170894,
        0.5429999119222828,
        0.55277011101168,
        0.5481795490103057,
        0.5358114558542626,
        0.538006882160645,
        0.5167456716464942,
        0.5266058649775839,
        0.5084929021562785,
        0.5154173962231181,
        0.5209838224077873,
        0.5370349937910335,
        0.5309379192044342,
        0.5589275288251646,
        0.5406883249903769,
        0.5016867725945424,
        0.5115763380958875,
        0.5166190361699323
    ]
}